experiment,data_type,system,use_case,algorithm,latency_us,throughput_gbps,congestion,slowdown_factor,avg_hops,strategy,communication_cost,cost_reduction,scheduler,makespan,avg_wait_time,utilization,jobs_completed,energy_kwh,avg_power_kw,co2_kg,pflops,rl_reward,scenario,compute_power_mw,total_power_mw,peak_power_mw,avg_pflops,efficiency_gflops_w,rpeak_pflops,pattern,num_ranks
comd_correct_n8_20260120_231003,real,lassen,routing,minimal,2514.7664,12.5,0.00075420492,1.0,3.5,,,,,,,,,,,,,,,,,,,,,,
comd_correct_n8_20260120_231003,real,lassen,routing,ecmp,2515.0164,12.5,0.00075420492,1.0,4.0,,,,,,,,,,,,,,,,,,,,,,
comd_correct_n8_20260120_231003,real,lassen,placement,,,,,,,contiguous,1508409840.0,0.0,,,,,,,,,,,,,,,,,,,
comd_correct_n8_20260120_231003,real,lassen,placement,,,,,,,random,1508409840.0,0.0,,,,,,,,,,,,,,,,,,,
comd_correct_n8_20260120_231003,real,lassen,placement,,,,,,,locality,1508409840.0,0.0,,,,,,,,,,,,,,,,,,,
comd_correct_n8_20260120_231003,real,lassen,placement,,,,,,,spectral,1508409840.0,0.0,,,,,,,,,,,,,,,,,,,
comd_correct_n8_20260120_231003,real,lassen,scheduling,,,,,,,,,,fcfs,5700.0,0.0,0.045306408382066274,10.0,1.610581432240903,1.0172093256258337,0.6442325728963613,2.0627101608187136e-05,,,,,,,,,,
comd_correct_n8_20260120_231003,real,lassen,scheduling,,,,,,,,,,backfill,5700.0,0.0,0.045306408382066274,10.0,1.610581432240903,1.0172093256258337,0.6442325728963613,2.0627101608187136e-05,,,,,,,,,,
comd_correct_n8_20260120_231003,real,lassen,scheduling,,,,,,,,,,sjf,5700.0,0.0,0.045306408382066274,10.0,1.610581432240903,1.0172093256258337,0.6442325728963613,2.0627101608187136e-05,,,,,,,,,,
comd_correct_n8_20260120_231003,real,lassen,scheduling,,,,,,,,,,rl,4700.0,17.5,0.0,8.0,0.0,0.0,0.0,0.0,-52.80999999999727,,,,,,,,,
comd_correct_n8_20260120_231003,real,lassen,power,,,,,,,,,,,,,,,333.9379785245379,,133575.1914098152,,,baseline,2.453421883037422,3.1894484479486485,3.264698210526316,58.4120735907692,23808.40979475287,157.5936,,
comd_correct_n8_20260120_231003,real,lassen,power,,,,,,,,,,,,,,,330.4385179009746,,132175.40716038985,,,power_cap,2.427711560088793,3.1560250281154314,3.2233346052631577,58.37632997106014,24045.826090198716,157.5936,,
comd_correct_n8_20260120_231003,real,lassen,power,,,,,,,,,,,,,,,333.0792108846234,,133231.68435384938,,,frequency_scaling,2.4471125697645806,3.181246340693955,3.264698210526316,58.03593942865274,23716.088971843237,157.5936,,
comd_correct_n8_20260120_231003,real,lassen,power,,,,,,,,,,,,,,,289.55585998906236,,115822.34399562495,,,job_packing,2.1273491754298464,2.7655539280588,2.827013184210527,57.09324586702795,26837.740849708818,157.5936,,
comd_correct_n8_20260120_231003,real,frontier,routing,minimal,1257.6832,25.0,0.00037710246,1.0,3.5,,,,,,,,,,,,,,,,,,,,,,
comd_correct_n8_20260120_231003,real,frontier,routing,ugal,1257.9081999999999,25.0,0.00037710246,1.0,4.2,,,,,,,,,,,,,,,,,,,,,,
comd_correct_n8_20260120_231003,real,frontier,routing,valiant,1258.1332,25.0,0.00037710246,1.0,5.5,,,,,,,,,,,,,,,,,,,,,,
comd_correct_n8_20260120_231003,real,frontier,placement,,,,,,,contiguous,1508409840.0,0.0,,,,,,,,,,,,,,,,,,,
comd_correct_n8_20260120_231003,real,frontier,placement,,,,,,,random,1508409840.0,0.0,,,,,,,,,,,,,,,,,,,
comd_correct_n8_20260120_231003,real,frontier,placement,,,,,,,locality,1508409840.0,0.0,,,,,,,,,,,,,,,,,,,
comd_correct_n8_20260120_231003,real,frontier,placement,,,,,,,spectral,1508409840.0,0.0,,,,,,,,,,,,,,,,,,,
comd_correct_n8_20260120_231003,real,frontier,scheduling,,,,,,,,,,fcfs,5700.0,0.0,0.022040955429113322,10.0,2.126130671063351,1.3428193711979057,0.7441457348721728,3.491948568634424e-05,,,,,,,,,,
comd_correct_n8_20260120_231003,real,frontier,scheduling,,,,,,,,,,backfill,5700.0,0.0,0.022040955429113322,10.0,2.126130671063351,1.3428193711979057,0.7441457348721728,3.491948568634424e-05,,,,,,,,,,
comd_correct_n8_20260120_231003,real,frontier,scheduling,,,,,,,,,,sjf,5700.0,0.0,0.022040955429113322,10.0,2.126130671063351,1.3428193711979057,0.7441457348721728,3.491948568634424e-05,,,,,,,,,,
comd_correct_n8_20260120_231003,real,frontier,scheduling,,,,,,,,,,rl,5200.0,20.0,0.0,9.0,0.0,0.0,0.0,0.0,-46.80999999999725,,,,,,,,,
comd_correct_n8_20260120_231003,real,frontier,power,,,,,,,,,,,,,,,962.4299881090761,,336850.49583817663,,,baseline,7.070914198352397,8.485097038022875,8.689348187234044,418.3671692097196,59167.337839738444,1018.24,,
comd_correct_n8_20260120_231003,real,frontier,power,,,,,,,,,,,,,,,955.6914948636593,,334492.02320228075,,,power_cap,7.02140690103913,8.425688281246956,8.615830314893618,418.3243063128352,59578.41672029083,1018.24,,
comd_correct_n8_20260120_231003,real,frontier,power,,,,,,,,,,,,,,,959.7382061851074,,335908.3721647876,,,frequency_scaling,7.051137841359973,8.461365409631968,8.689348187234044,415.67319384429084,58951.22222771903,1018.24,,
comd_correct_n8_20260120_231003,real,frontier,power,,,,,,,,,,,,,,,841.7500793252677,,294612.52776384365,,,job_packing,6.184286297083601,7.42114355650032,7.594524434042554,409.0174814243515,66138.1866517462,1018.24,,
comd_n64_dense_20260121_214717,real,lassen,routing,minimal,361.83696000000003,12.5,0.000216652198,1.0,3.5,,,,,,,,,,,,,,,,,,,,,,
comd_n64_dense_20260121_214717,real,lassen,routing,ecmp,362.08696000000003,12.5,0.000216652198,1.0,4.0,,,,,,,,,,,,,,,,,,,,,,
comd_n64_dense_20260121_214717,real,lassen,placement,,,,,,,contiguous,3466435168.0,0.0,,,,,,,,,,,,,,,,,,,
comd_n64_dense_20260121_214717,real,lassen,placement,,,,,,,random,3466435168.0,0.0,,,,,,,,,,,,,,,,,,,
comd_n64_dense_20260121_214717,real,lassen,placement,,,,,,,locality,4228502768.0,-0.21984187300975355,,,,,,,,,,,,,,,,,,,
comd_n64_dense_20260121_214717,real,lassen,placement,,,,,,,spectral,3466435168.0,0.0,,,,,,,,,,,,,,,,,,,
comd_n64_dense_20260121_214717,real,lassen,scheduling,,,,,,,,,,fcfs,38500.0,0.0,0.008229617604617604,101.0,0.0,0.0,0.0,0.0,,,,,,,,,,
comd_n64_dense_20260121_214717,real,lassen,scheduling,,,,,,,,,,backfill,38500.0,0.0,0.008229617604617604,101.0,0.0,0.0,0.0,0.0,,,,,,,,,,
comd_n64_dense_20260121_214717,real,lassen,scheduling,,,,,,,,,,sjf,38500.0,0.0,0.008229617604617604,101.0,0.0,0.0,0.0,0.0,,,,,,,,,,
comd_n64_dense_20260121_214717,real,lassen,scheduling,,,,,,,,,,rl,38540.0,21.386138613861387,0.0,101.0,0.0,0.0,0.0,0.0,599.5300000000043,,,,,,,,,
comd_n64_dense_20260121_214717,real,lassen,power,,,,,,,,,,,,,,,2267.057801209271,,906823.1204837085,,,baseline,2.1034556918436538,2.73449239939675,3.264698210526316,46.80407077029303,22251.03716316925,157.5936,,
comd_n64_dense_20260121_214717,real,lassen,power,,,,,,,,,,,,,,,2266.1893215665646,,906475.7286266258,,,power_cap,2.1026498859895963,2.733444851786475,3.2233346052631577,46.80295050361788,22259.031717774753,157.5936,,
comd_n64_dense_20260121_214717,real,lassen,power,,,,,,,,,,,,,,,2220.405626310479,,888162.2505241917,,,frequency_scaling,2.060170168741682,2.678221219364186,3.264698210526316,44.22357377170297,21465.98103530157,157.5936,,
comd_n64_dense_20260121_214717,real,lassen,power,,,,,,,,,,,,,,,1956.1226878619025,,782449.0751447611,,,job_packing,1.8149591949234145,2.359446953400439,2.827013184210527,45.745568077458955,25204.73639595477,157.5936,,
comd_n64_dense_20260121_214717,real,frontier,routing,minimal,181.21848,25.0,0.000108326099,1.0,3.5,,,,,,,,,,,,,,,,,,,,,,
comd_n64_dense_20260121_214717,real,frontier,routing,ugal,181.44348000000002,25.0,0.000108326099,1.0,4.2,,,,,,,,,,,,,,,,,,,,,,
comd_n64_dense_20260121_214717,real,frontier,routing,valiant,181.66848000000002,25.0,0.000108326099,1.0,5.5,,,,,,,,,,,,,,,,,,,,,,
comd_n64_dense_20260121_214717,real,frontier,placement,,,,,,,contiguous,3466435168.0,0.0,,,,,,,,,,,,,,,,,,,
comd_n64_dense_20260121_214717,real,frontier,placement,,,,,,,random,3466435168.0,0.0,,,,,,,,,,,,,,,,,,,
comd_n64_dense_20260121_214717,real,frontier,placement,,,,,,,locality,4512760784.0,-0.3018448536580276,,,,,,,,,,,,,,,,,,,
comd_n64_dense_20260121_214717,real,frontier,placement,,,,,,,spectral,3466435168.0,0.0,,,,,,,,,,,,,,,,,,,
comd_n64_dense_20260121_214717,real,frontier,scheduling,,,,,,,,,,fcfs,38500.0,0.0,0.004003597753597754,101.0,0.0,0.0,0.0,0.0,,,,,,,,,,
comd_n64_dense_20260121_214717,real,frontier,scheduling,,,,,,,,,,backfill,38500.0,0.0,0.004003597753597754,101.0,0.0,0.0,0.0,0.0,,,,,,,,,,
comd_n64_dense_20260121_214717,real,frontier,scheduling,,,,,,,,,,sjf,38500.0,0.0,0.004003597753597754,101.0,0.0,0.0,0.0,0.0,,,,,,,,,,
comd_n64_dense_20260121_214717,real,frontier,scheduling,,,,,,,,,,rl,56660.0,585.8,0.0,100.0,0.0,0.0,0.0,0.0,499.19000000008987,,,,,,,,,
comd_n64_dense_20260121_214717,real,frontier,power,,,,,,,,,,,,,,,6509.069865212173,,2278174.45282426,,,baseline,6.039343173908202,7.247211808689842,8.689348187234044,335.23478641311135,55508.48440960062,1018.24,,
comd_n64_dense_20260121_214717,real,frontier,power,,,,,,,,,,,,,,,6507.397542325244,,2277589.1398138353,,,power_cap,6.037791534116206,7.245349840939446,8.615830314893618,335.2334430197125,55522.52692486889,1018.24,,
comd_n64_dense_20260121_214717,real,frontier,power,,,,,,,,,,,,,,,6362.834661237821,,2226992.1314332373,,,frequency_scaling,5.903661025890762,7.084393231068914,8.689348187234044,316.7518896678983,53653.46829344861,1018.24,,
comd_n64_dense_20260121_214717,real,frontier,power,,,,,,,,,,,,,,,5663.638854963329,,1982273.5992371652,,,job_packing,5.254922648935048,6.305907178722057,7.594524434042554,327.7418015754172,62368.53013275784,1018.24,,
comd_n64_scaled_20260121_214308,real,lassen,routing,minimal,361.83696000000003,12.5,0.000216652198,1.0,3.5,,,,,,,,,,,,,,,,,,,,,,
comd_n64_scaled_20260121_214308,real,lassen,routing,ecmp,362.08696000000003,12.5,0.000216652198,1.0,4.0,,,,,,,,,,,,,,,,,,,,,,
comd_n64_scaled_20260121_214308,real,lassen,placement,,,,,,,contiguous,3466435168.0,0.0,,,,,,,,,,,,,,,,,,,
comd_n64_scaled_20260121_214308,real,lassen,placement,,,,,,,random,3466435168.0,0.0,,,,,,,,,,,,,,,,,,,
comd_n64_scaled_20260121_214308,real,lassen,placement,,,,,,,locality,4228502768.0,-0.21984187300975355,,,,,,,,,,,,,,,,,,,
comd_n64_scaled_20260121_214308,real,lassen,placement,,,,,,,spectral,3466435168.0,0.0,,,,,,,,,,,,,,,,,,,
comd_n64_scaled_20260121_214308,real,lassen,scheduling,,,,,,,,,,fcfs,38500.0,0.0,0.007778679653679654,101.0,0.0,0.0,0.0,0.0,,,,,,,,,,
comd_n64_scaled_20260121_214308,real,lassen,scheduling,,,,,,,,,,backfill,38500.0,0.0,0.007778679653679654,101.0,0.0,0.0,0.0,0.0,,,,,,,,,,
comd_n64_scaled_20260121_214308,real,lassen,scheduling,,,,,,,,,,sjf,38500.0,0.0,0.007778679653679654,101.0,0.0,0.0,0.0,0.0,,,,,,,,,,
comd_n64_scaled_20260121_214308,real,lassen,scheduling,,,,,,,,,,rl,38540.0,20.198019801980198,0.0,101.0,0.0,0.0,0.0,0.0,599.5300000000043,,,,,,,,,
comd_n64_scaled_20260121_214308,real,lassen,power,,,,,,,,,,,,,,,2321.1332965764022,,928453.318630561,,,baseline,2.1536288318750123,2.799717481437516,3.264698210526316,48.43717030928908,22490.955540894327,157.5936,,
comd_n64_scaled_20260121_214308,real,lassen,power,,,,,,,,,,,,,,,2318.193847666437,,927277.5390665748,,,power_cap,2.1509015081441163,2.7961719605873516,3.2233346052631577,48.43337866410223,22517.711053116735,157.5936,,
comd_n64_scaled_20260121_214308,real,lassen,power,,,,,,,,,,,,,,,2279.314576682794,,911725.8306731175,,,frequency_scaling,2.1148279577469222,2.7492763450709985,3.264698210526316,46.12402882329315,21809.82554837812,157.5936,,
comd_n64_scaled_20260121_214308,real,lassen,power,,,,,,,,,,,,,,,2004.3477527520274,,801739.101100811,,,job_packing,1.8597041004915722,2.4176153306390438,2.827013184210527,47.34175028450276,25456.603699475094,157.5936,,
comd_n64_scaled_20260121_214308,real,frontier,routing,minimal,181.21848,25.0,0.000108326099,1.0,3.5,,,,,,,,,,,,,,,,,,,,,,
comd_n64_scaled_20260121_214308,real,frontier,routing,ugal,181.44348000000002,25.0,0.000108326099,1.0,4.2,,,,,,,,,,,,,,,,,,,,,,
comd_n64_scaled_20260121_214308,real,frontier,routing,valiant,181.66848000000002,25.0,0.000108326099,1.0,5.5,,,,,,,,,,,,,,,,,,,,,,
comd_n64_scaled_20260121_214308,real,frontier,placement,,,,,,,contiguous,3466435168.0,0.0,,,,,,,,,,,,,,,,,,,
comd_n64_scaled_20260121_214308,real,frontier,placement,,,,,,,random,3466435168.0,0.0,,,,,,,,,,,,,,,,,,,
comd_n64_scaled_20260121_214308,real,frontier,placement,,,,,,,locality,4512760784.0,-0.3018448536580276,,,,,,,,,,,,,,,,,,,
comd_n64_scaled_20260121_214308,real,frontier,placement,,,,,,,spectral,3466435168.0,0.0,,,,,,,,,,,,,,,,,,,
comd_n64_scaled_20260121_214308,real,frontier,scheduling,,,,,,,,,,fcfs,38500.0,0.0,0.003784222534222534,101.0,0.0,0.0,0.0,0.0,,,,,,,,,,
comd_n64_scaled_20260121_214308,real,frontier,scheduling,,,,,,,,,,backfill,38500.0,0.0,0.003784222534222534,101.0,0.0,0.0,0.0,0.0,,,,,,,,,,
comd_n64_scaled_20260121_214308,real,frontier,scheduling,,,,,,,,,,sjf,38500.0,0.0,0.003784222534222534,101.0,0.0,0.0,0.0,0.0,,,,,,,,,,
comd_n64_scaled_20260121_214308,real,frontier,scheduling,,,,,,,,,,rl,38600.0,80.1980198019802,0.0,101.0,0.0,0.0,0.0,0.0,599.5200000000042,,,,,,,,,
comd_n64_scaled_20260121_214308,real,frontier,power,,,,,,,,,,,,,,,6668.168128458004,,2333858.844960301,,,baseline,6.186960119187838,7.424352143025406,8.689348187234044,346.92744154758395,56073.97411075038,1018.24,,
comd_n64_scaled_20260121_214308,real,frontier,power,,,,,,,,,,,,,,,6662.507847693942,,2331877.7466928796,,,power_cap,6.181708312293348,7.418049974752018,8.615830314893618,346.9228945884568,56120.87744394916,1018.24,,
comd_n64_scaled_20260121_214308,real,frontier,power,,,,,,,,,,,,,,,6537.085866446871,,2287980.0532564046,,,frequency_scaling,6.065337401857921,7.2784048822295055,8.689348187234044,330.3597488987902,54466.83787081575,1018.24,,
comd_n64_scaled_20260121_214308,real,frontier,power,,,,,,,,,,,,,,,5806.853175927736,,2032398.6115747073,,,job_packing,5.38780191580924,6.465362298971087,7.594524434042554,339.1751850515641,62952.42296423968,1018.24,,
cosp2_n128_sparse_20260121_215534,real,lassen,routing,minimal,0.87888,12.5,2.399156589147287e-08,1.0,3.5,,,,,,,,,,,,,,,,,,,,,,
cosp2_n128_sparse_20260121_215534,real,lassen,routing,ecmp,1.12888,12.5,2.399156589147287e-08,1.0,4.0,,,,,,,,,,,,,,,,,,,,,,
cosp2_n128_sparse_20260121_215534,real,lassen,placement,,,,,,,contiguous,773728.0,0.0,,,,,,,,,,,,,,,,,,,
cosp2_n128_sparse_20260121_215534,real,lassen,placement,,,,,,,random,773728.0,0.0,,,,,,,,,,,,,,,,,,,
cosp2_n128_sparse_20260121_215534,real,lassen,placement,,,,,,,locality,966944.0,-0.24972083212705232,,,,,,,,,,,,,,,,,,,
cosp2_n128_sparse_20260121_215534,real,lassen,placement,,,,,,,spectral,773728.0,0.0,,,,,,,,,,,,,,,,,,,
cosp2_n128_sparse_20260121_215534,real,lassen,scheduling,,,,,,,,,,fcfs,5700.0,18.181818181818183,1.0938261452241715,11.0,40.60093588825942,25.64269635047964,16.240374355303768,0.01244992918494152,,,,,,,,,,
cosp2_n128_sparse_20260121_215534,real,lassen,scheduling,,,,,,,,,,backfill,5700.0,0.0,1.0938261452241715,11.0,40.60093588825942,25.64269635047964,16.240374355303768,0.01244992918494152,,,,,,,,,,
cosp2_n128_sparse_20260121_215534,real,lassen,scheduling,,,,,,,,,,sjf,5700.0,18.181818181818183,1.0938261452241715,11.0,40.60093588825942,25.64269635047964,16.240374355303768,0.01244992918494152,,,,,,,,,,
cosp2_n128_sparse_20260121_215534,real,lassen,scheduling,,,,,,,,,,rl,34740.0,17880.0,0.0,11.0,0.0,0.0,0.0,0.0,60.199999999999875,,,,,,,,,
cosp2_n128_sparse_20260121_215534,real,lassen,power,,,,,,,,,,,,,,,17.62766728098277,,7051.066912393108,,,baseline,2.1153200737179323,2.7499160958333118,3.264698210526316,47.98763517756862,22685.756058289808,157.5936,,
cosp2_n128_sparse_20260121_215534,real,lassen,power,,,,,,,,,,,,,,,17.45221437350477,,6980.8857494019085,,,power_cap,2.094265724820572,2.722545442266744,3.2233346052631577,47.958364497394236,22899.846914843198,157.5936,,
cosp2_n128_sparse_20260121_215534,real,lassen,power,,,,,,,,,,,,,,,17.429115628385414,,6971.6462513541655,,,frequency_scaling,2.0914938754062495,2.718942038028125,3.264698210526316,46.56721955532316,22265.051838259864,157.5936,,
cosp2_n128_sparse_20260121_215534,real,lassen,power,,,,,,,,,,,,,,,15.203728052604928,,6081.491221041972,,,job_packing,1.8244473663125913,2.3717815762063688,2.827013184210527,46.89527352368969,25703.8237384015,157.5936,,
cosp2_n128_sparse_20260121_215534,real,frontier,routing,minimal,0.7394400000000001,25.0,1.1995782945736435e-08,1.0,3.5,,,,,,,,,,,,,,,,,,,,,,
cosp2_n128_sparse_20260121_215534,real,frontier,routing,ugal,0.9644400000000001,25.0,1.1995782945736435e-08,1.0,4.2,,,,,,,,,,,,,,,,,,,,,,
cosp2_n128_sparse_20260121_215534,real,frontier,routing,valiant,1.18944,25.0,1.1995782945736435e-08,1.0,5.5,,,,,,,,,,,,,,,,,,,,,,
cosp2_n128_sparse_20260121_215534,real,frontier,placement,,,,,,,contiguous,773728.0,0.0,,,,,,,,,,,,,,,,,,,
cosp2_n128_sparse_20260121_215534,real,frontier,placement,,,,,,,random,773728.0,0.0,,,,,,,,,,,,,,,,,,,
cosp2_n128_sparse_20260121_215534,real,frontier,placement,,,,,,,locality,1031360.0,-0.3329748955705365,,,,,,,,,,,,,,,,,,,
cosp2_n128_sparse_20260121_215534,real,frontier,placement,,,,,,,spectral,773728.0,0.0,,,,,,,,,,,,,,,,,,,
cosp2_n128_sparse_20260121_215534,real,frontier,scheduling,,,,,,,,,,fcfs,5700.0,18.181818181818183,0.5321316382171646,11.0,53.39710640244634,33.724488254176634,18.688987240856218,0.021076403860686342,,,,,,,,,,
cosp2_n128_sparse_20260121_215534,real,frontier,scheduling,,,,,,,,,,backfill,5700.0,0.0,0.5321316382171646,11.0,53.39710640244634,33.724488254176634,18.688987240856218,0.021076403860686342,,,,,,,,,,
cosp2_n128_sparse_20260121_215534,real,frontier,scheduling,,,,,,,,,,sjf,5700.0,18.181818181818183,0.5321316382171646,11.0,53.39710640244634,33.724488254176634,18.688987240856218,0.021076403860686342,,,,,,,,,,
cosp2_n128_sparse_20260121_215534,real,frontier,scheduling,,,,,,,,,,rl,5700.0,24.0,0.0,11.0,0.0,0.0,0.0,0.0,65.04000000000006,,,,,,,,,
cosp2_n128_sparse_20260121_215534,real,frontier,power,,,,,,,,,,,,,,,50.66446694177952,,17732.56342962283,,,baseline,6.079736033013543,7.295683239616251,8.689348187234044,343.7002711309819,56532.10423358133,1018.24,,
cosp2_n128_sparse_20260121_215534,real,frontier,power,,,,,,,,,,,,,,,50.32663309531055,,17614.32158335869,,,power_cap,6.039195971437265,7.247035165724718,8.615830314893618,343.6651719724066,56905.782424977,1018.24,,
cosp2_n128_sparse_20260121_215534,real,frontier,power,,,,,,,,,,,,,,,50.0420049557242,,17514.70173450347,,,frequency_scaling,6.005040594686904,7.206048713624285,8.689348187234044,333.5251073817153,55540.85807126919,1018.24,,
cosp2_n128_sparse_20260121_215534,real,frontier,power,,,,,,,,,,,,,,,44.09494443203621,,15433.230551212671,,,job_packing,5.291393331844345,6.349671998213214,7.594524434042554,335.99357802035246,63498.129310912525,1018.24,,
cosp2_n128_sparse_20260122_004059,real,lassen,routing,minimal,0.87912,12.5,2.2734387596899226e-08,1.0,3.5,,,,,,,,,,,,,,,,,,,,,,
cosp2_n128_sparse_20260122_004059,real,lassen,routing,ecmp,1.12912,12.5,2.2734387596899226e-08,1.0,4.0,,,,,,,,,,,,,,,,,,,,,,
cosp2_n128_sparse_20260122_004059,real,lassen,placement,,,,,,,contiguous,733184.0,0.0,,,,,,,,,,,,,,,,,,,
cosp2_n128_sparse_20260122_004059,real,lassen,placement,,,,,,,random,733184.0,0.0,,,,,,,,,,,,,,,,,,,
cosp2_n128_sparse_20260122_004059,real,lassen,placement,,,,,,,locality,921056.0,-0.2562412709497206,,,,,,,,,,,,,,,,,,,
cosp2_n128_sparse_20260122_004059,real,lassen,placement,,,,,,,spectral,733184.0,0.0,,,,,,,,,,,,,,,,,,,
cosp2_n128_sparse_20260122_004059,real,lassen,scheduling,,,,,,,,,,fcfs,5700.0,18.181818181818183,1.1121009990253412,11.0,41.418935051931044,26.159327401219606,16.56757402077242,0.01291109224232456,,,,,,,,,,
cosp2_n128_sparse_20260122_004059,real,lassen,scheduling,,,,,,,,,,backfill,5700.0,0.0,1.1121009990253412,11.0,41.418935051931044,26.159327401219606,16.56757402077242,0.01291109224232456,,,,,,,,,,
cosp2_n128_sparse_20260122_004059,real,lassen,scheduling,,,,,,,,,,sjf,5700.0,18.181818181818183,1.1121009990253412,11.0,41.418935051931044,26.159327401219606,16.56757402077242,0.01291109224232456,,,,,,,,,,
cosp2_n128_sparse_20260122_004059,real,lassen,scheduling,,,,,,,,,,rl,5700.0,24.0,0.0,11.0,0.0,0.0,0.0,0.0,65.04000000000006,,,,,,,,,
cosp2_n128_sparse_20260122_004059,real,lassen,power,,,,,,,,,,,,,,,17.003173655363472,,6801.269462145389,,,baseline,2.0403808386436166,2.652495090236702,3.264698210526316,45.99538665399961,22542.549794074694,157.5936,,
cosp2_n128_sparse_20260122_004059,real,lassen,power,,,,,,,,,,,,,,,16.83169241966428,,6732.676967865712,,,power_cap,2.019803090359713,2.6257440174676274,3.2233346052631577,45.96677856492199,22758.04942784577,157.5936,,
cosp2_n128_sparse_20260122_004059,real,lassen,power,,,,,,,,,,,,,,,16.816778144104205,,6726.711257641682,,,frequency_scaling,2.0180133772925046,2.623417390480256,3.264698210526316,44.66193466482877,22131.63459042579,157.5936,,
cosp2_n128_sparse_20260122_004059,real,lassen,power,,,,,,,,,,,,,,,14.663039983344365,,5865.215993337746,,,job_packing,1.7595647980013238,2.287434237401721,2.827013184210527,44.95477083203635,25548.800978003273,157.5936,,
cosp2_n128_sparse_20260122_004059,real,frontier,routing,minimal,0.73956,25.0,1.1367193798449613e-08,1.0,3.5,,,,,,,,,,,,,,,,,,,,,,
cosp2_n128_sparse_20260122_004059,real,frontier,routing,ugal,0.96456,25.0,1.1367193798449613e-08,1.0,4.2,,,,,,,,,,,,,,,,,,,,,,
cosp2_n128_sparse_20260122_004059,real,frontier,routing,valiant,1.18956,25.0,1.1367193798449613e-08,1.0,5.5,,,,,,,,,,,,,,,,,,,,,,
cosp2_n128_sparse_20260122_004059,real,frontier,placement,,,,,,,contiguous,733184.0,0.0,,,,,,,,,,,,,,,,,,,
cosp2_n128_sparse_20260122_004059,real,frontier,placement,,,,,,,random,733184.0,0.0,,,,,,,,,,,,,,,,,,,
cosp2_n128_sparse_20260122_004059,real,frontier,placement,,,,,,,locality,962592.0,-0.31289280726256985,,,,,,,,,,,,,,,,,,,
cosp2_n128_sparse_20260122_004059,real,frontier,placement,,,,,,,spectral,733184.0,0.0,,,,,,,,,,,,,,,,,,,
cosp2_n128_sparse_20260122_004059,real,frontier,scheduling,,,,,,,,,,fcfs,5700.0,18.181818181818183,0.5410221076339496,11.0,54.469383457177265,34.4017158676909,19.06428421001204,0.02185710379067389,,,,,,,,,,
cosp2_n128_sparse_20260122_004059,real,frontier,scheduling,,,,,,,,,,backfill,5700.0,0.0,0.5410221076339496,11.0,54.469383457177265,34.4017158676909,19.06428421001204,0.02185710379067389,,,,,,,,,,
cosp2_n128_sparse_20260122_004059,real,frontier,scheduling,,,,,,,,,,sjf,5700.0,18.181818181818183,0.5410221076339496,11.0,54.469383457177265,34.4017158676909,19.06428421001204,0.02185710379067389,,,,,,,,,,
cosp2_n128_sparse_20260122_004059,real,frontier,scheduling,,,,,,,,,,rl,13080.0,2250.0,0.0,10.0,0.0,0.0,0.0,0.0,-40.80999999999727,,,,,,,,,
cosp2_n128_sparse_20260122_004059,real,frontier,power,,,,,,,,,,,,,,,48.85171810834783,,17098.10133792174,,,baseline,5.86220617300174,7.034647407602087,8.689348187234044,329.4302796783363,56195.61474919121,1018.24,,
cosp2_n128_sparse_20260122_004059,real,frontier,power,,,,,,,,,,,,,,,48.52152000690823,,16982.53200241788,,,power_cap,5.8225824008289875,6.987098880994784,8.615830314893618,329.3959738334815,56572.144652960844,1018.24,,
cosp2_n128_sparse_20260122_004059,real,frontier,power,,,,,,,,,,,,,,,48.267490090031295,,16893.62153151095,,,frequency_scaling,5.792098810803755,6.950518572964506,8.689348187234044,319.8801129429302,55226.97788688816,1018.24,,
cosp2_n128_sparse_20260122_004059,real,frontier,power,,,,,,,,,,,,,,,42.505433405789184,,14876.901692026213,,,job_packing,5.100652008694702,6.120782410433642,7.594524434042554,322.0728340400455,63143.46352016015,1018.24,,
synth_all-to-all_64,synthetic,lassen,routing,minimal,80.75,12.5,0.000504,1.0,3.5,,,,,,,,,,,,,,,,,,,,,all-to-all,64.0
synth_all-to-all_64,synthetic,lassen,routing,ecmp,81.0,12.5,0.000504,1.0,4.0,,,,,,,,,,,,,,,,,,,,,all-to-all,64.0
synth_all-to-all_64,synthetic,lassen,placement,,,,,,,contiguous,8064000000.0,0.0,,,,,,,,,,,,,,,,,,all-to-all,64.0
synth_all-to-all_64,synthetic,lassen,placement,,,,,,,random,8064000000.0,0.0,,,,,,,,,,,,,,,,,,all-to-all,64.0
synth_all-to-all_64,synthetic,lassen,placement,,,,,,,locality,8064000000.0,0.0,,,,,,,,,,,,,,,,,,all-to-all,64.0
synth_all-to-all_64,synthetic,lassen,placement,,,,,,,spectral,8064000000.0,0.0,,,,,,,,,,,,,,,,,,all-to-all,64.0
synth_all-to-all_64,synthetic,lassen,scheduling,,,,,,,,,,fcfs,19000.0,0.0,0.3284904970760234,13.0,40.35539070114523,7.646284553901202,16.142156280458092,0.0011216636513157899,,,,,,,,,all-to-all,64.0
synth_all-to-all_64,synthetic,lassen,scheduling,,,,,,,,,,backfill,19000.0,0.0,0.3284904970760234,13.0,40.35539070114523,7.646284553901202,16.142156280458092,0.0011216636513157899,,,,,,,,,all-to-all,64.0
synth_all-to-all_64,synthetic,lassen,scheduling,,,,,,,,,,sjf,19000.0,0.0,0.3284904970760234,13.0,40.35539070114523,7.646284553901202,16.142156280458092,0.0011216636513157899,,,,,,,,,all-to-all,64.0
synth_all-to-all_64,synthetic,lassen,scheduling,,,,,,,,,,rl,19000.0,18.333333333333332,0.0,13.0,0.0,0.0,0.0,0.0,74.81999999999893,,,,,,,,all-to-all,64.0
synth_all-to-all_64,synthetic,lassen,power,,,,,,,,,,,,,,,553.4917692403625,,221396.707696145,,,baseline,0.9962851846326525,1.2951707400224481,3.264698210526316,15.48644307355799,15544.186857770157,157.5936,all-to-all,64.0
synth_all-to-all_64,synthetic,lassen,power,,,,,,,,,,,,,,,553.3291383704094,,221331.65534816377,,,power_cap,0.995992449066737,1.294790183786758,3.2233346052631577,15.486036099722451,15548.34689181946,157.5936,all-to-all,64.0
synth_all-to-all_64,synthetic,lassen,power,,,,,,,,,,,,,,,523.4119864583478,,209364.79458333913,,,frequency_scaling,0.9421415756250259,1.2247840483125336,3.264698210526316,12.258633623089564,13011.455963990407,157.5936,all-to-all,64.0
synth_all-to-all_64,synthetic,lassen,power,,,,,,,,,,,,,,,466.9824295018081,,186792.97180072326,,,job_packing,0.8405683731032546,1.092738885034231,2.827013184210527,15.133940836564292,18004.413823817824,157.5936,all-to-all,64.0
synth_all-to-all_64,synthetic,frontier,routing,minimal,40.675,25.0,0.000252,1.0,3.5,,,,,,,,,,,,,,,,,,,,,all-to-all,64.0
synth_all-to-all_64,synthetic,frontier,routing,ugal,40.9,25.0,0.000252,1.0,4.2,,,,,,,,,,,,,,,,,,,,,all-to-all,64.0
synth_all-to-all_64,synthetic,frontier,routing,valiant,41.125,25.0,0.000252,1.0,5.5,,,,,,,,,,,,,,,,,,,,,all-to-all,64.0
synth_all-to-all_64,synthetic,frontier,placement,,,,,,,contiguous,8064000000.0,0.0,,,,,,,,,,,,,,,,,,all-to-all,64.0
synth_all-to-all_64,synthetic,frontier,placement,,,,,,,random,8064000000.0,0.0,,,,,,,,,,,,,,,,,,all-to-all,64.0
synth_all-to-all_64,synthetic,frontier,placement,,,,,,,locality,8064000000.0,0.0,,,,,,,,,,,,,,,,,,all-to-all,64.0
synth_all-to-all_64,synthetic,frontier,placement,,,,,,,spectral,8064000000.0,0.0,,,,,,,,,,,,,,,,,,all-to-all,64.0
synth_all-to-all_64,synthetic,frontier,scheduling,,,,,,,,,,fcfs,19000.0,0.0,0.15980618776671407,13.0,53.21912295440388,10.083623296623893,18.626693034041356,0.0018988570745910383,,,,,,,,,all-to-all,64.0
synth_all-to-all_64,synthetic,frontier,scheduling,,,,,,,,,,backfill,19000.0,0.0,0.15980618776671407,13.0,53.21912295440388,10.083623296623893,18.626693034041356,0.0018988570745910383,,,,,,,,,all-to-all,64.0
synth_all-to-all_64,synthetic,frontier,scheduling,,,,,,,,,,sjf,19000.0,0.0,0.15980618776671407,13.0,53.21912295440388,10.083623296623893,18.626693034041356,0.0018988570745910383,,,,,,,,,all-to-all,64.0
synth_all-to-all_64,synthetic,frontier,scheduling,,,,,,,,,,rl,532340.0,464144.44444444444,0.0,9.0,0.0,0.0,0.0,0.0,-46.80999999999957,,,,,,,,all-to-all,64.0
synth_all-to-all_64,synthetic,frontier,power,,,,,,,,,,,,,,,1563.54496433803,,547240.7375183104,,,baseline,2.814380935808454,3.377257122970145,8.689348187234044,110.9560761995412,39424.68298722616,1018.24,all-to-all,64.0
synth_all-to-all_64,synthetic,frontier,power,,,,,,,,,,,,,,,1563.2318288414124,,547131.1400944943,,,power_cap,2.813817291914542,3.3765807502974505,8.615830314893618,110.95558820259095,39432.40683089837,1018.24,all-to-all,64.0
synth_all-to-all_64,synthetic,frontier,power,,,,,,,,,,,,,,,1469.218935265268,,514226.6273428438,,,frequency_scaling,2.644594083477483,3.173512900172979,8.689348187234044,87.82736762452137,33210.15053812479,1018.24,all-to-all,64.0
synth_all-to-all_64,synthetic,frontier,power,,,,,,,,,,,,,,,1328.6352046003994,,465022.3216101398,,,job_packing,2.3915433682807192,2.8698520419368627,7.594524434042554,108.47526937151389,45357.8516744594,1018.24,all-to-all,64.0
synth_stencil-3d_64,synthetic,lassen,routing,minimal,400.75,12.5,0.00024,1.0,3.5,,,,,,,,,,,,,,,,,,,,,stencil-3d,64.0
synth_stencil-3d_64,synthetic,lassen,routing,ecmp,401.0,12.5,0.00024,1.0,4.0,,,,,,,,,,,,,,,,,,,,,stencil-3d,64.0
synth_stencil-3d_64,synthetic,lassen,placement,,,,,,,contiguous,3840000000.0,0.0,,,,,,,,,,,,,,,,,,stencil-3d,64.0
synth_stencil-3d_64,synthetic,lassen,placement,,,,,,,random,3840000000.0,0.0,,,,,,,,,,,,,,,,,,stencil-3d,64.0
synth_stencil-3d_64,synthetic,lassen,placement,,,,,,,locality,3780000000.0,0.015625,,,,,,,,,,,,,,,,,,stencil-3d,64.0
synth_stencil-3d_64,synthetic,lassen,placement,,,,,,,spectral,3840000000.0,0.0,,,,,,,,,,,,,,,,,,stencil-3d,64.0
synth_stencil-3d_64,synthetic,lassen,scheduling,,,,,,,,,,fcfs,7700.0,8.333333333333334,1.1352362914862915,12.0,57.059418758122156,26.677130847953215,22.823767503248863,0.01343810984848485,,,,,,,,,stencil-3d,64.0
synth_stencil-3d_64,synthetic,lassen,scheduling,,,,,,,,,,backfill,7700.0,0.0,1.1352362914862915,12.0,57.059418758122156,26.677130847953215,22.823767503248863,0.01343810984848485,,,,,,,,,stencil-3d,64.0
synth_stencil-3d_64,synthetic,lassen,scheduling,,,,,,,,,,sjf,7700.0,8.333333333333334,1.1352362914862915,12.0,57.059418758122156,26.677130847953215,22.823767503248863,0.01343810984848485,,,,,,,,,stencil-3d,64.0
synth_stencil-3d_64,synthetic,lassen,scheduling,,,,,,,,,,rl,7720.0,27.272727272727273,0.0,12.0,0.0,0.0,0.0,0.0,70.69999999999989,,,,,,,,stencil-3d,64.0
synth_stencil-3d_64,synthetic,lassen,power,,,,,,,,,,,,,,,592.9607207213631,,237184.28828854527,,,baseline,1.0673292972984538,1.38752808648799,3.264698210526316,17.74816015305582,16628.570206007345,157.5936,stencil-3d,64.0
synth_stencil-3d_64,synthetic,lassen,power,,,,,,,,,,,,,,,592.3350615398741,,236934.02461594966,,,power_cap,1.0662031107717733,1.3860640440033054,3.2233346052631577,17.746594479104093,16644.66582381117,157.5936,stencil-3d,64.0
synth_stencil-3d_64,synthetic,lassen,power,,,,,,,,,,,,,,,565.5514810139414,,226220.59240557655,,,frequency_scaling,1.0179926658250944,1.3233904655726227,3.264698210526316,14.806922059718637,14545.21486922252,157.5936,stencil-3d,64.0
synth_stencil-3d_64,synthetic,lassen,power,,,,,,,,,,,,,,,502.0978064505478,,200839.12258021915,,,job_packing,0.903776051610986,1.1749088670942818,2.827013184210527,17.3448697209011,19191.557123010476,157.5936,stencil-3d,64.0
synth_stencil-3d_64,synthetic,frontier,routing,minimal,200.675,25.0,0.00012,1.0,3.5,,,,,,,,,,,,,,,,,,,,,stencil-3d,64.0
synth_stencil-3d_64,synthetic,frontier,routing,ugal,200.9,25.0,0.00012,1.0,4.2,,,,,,,,,,,,,,,,,,,,,stencil-3d,64.0
synth_stencil-3d_64,synthetic,frontier,routing,valiant,201.125,25.0,0.00012,1.0,5.5,,,,,,,,,,,,,,,,,,,,,stencil-3d,64.0
synth_stencil-3d_64,synthetic,frontier,placement,,,,,,,contiguous,3840000000.0,0.0,,,,,,,,,,,,,,,,,,stencil-3d,64.0
synth_stencil-3d_64,synthetic,frontier,placement,,,,,,,random,3840000000.0,0.0,,,,,,,,,,,,,,,,,,stencil-3d,64.0
synth_stencil-3d_64,synthetic,frontier,placement,,,,,,,locality,3780000000.0,0.015625,,,,,,,,,,,,,,,,,,stencil-3d,64.0
synth_stencil-3d_64,synthetic,frontier,placement,,,,,,,spectral,3840000000.0,0.0,,,,,,,,,,,,,,,,,,stencil-3d,64.0
synth_stencil-3d_64,synthetic,frontier,scheduling,,,,,,,,,,fcfs,7700.0,8.333333333333334,0.5522771147771148,12.0,75.03178009791708,35.079793292532656,26.261123034270977,0.02274928845647596,,,,,,,,,stencil-3d,64.0
synth_stencil-3d_64,synthetic,frontier,scheduling,,,,,,,,,,backfill,7700.0,0.0,0.5522771147771148,12.0,75.03178009791708,35.079793292532656,26.261123034270977,0.02274928845647596,,,,,,,,,stencil-3d,64.0
synth_stencil-3d_64,synthetic,frontier,scheduling,,,,,,,,,,sjf,7700.0,8.333333333333334,0.5522771147771148,12.0,75.03178009791708,35.079793292532656,26.261123034270977,0.02274928845647596,,,,,,,,,stencil-3d,64.0
synth_stencil-3d_64,synthetic,frontier,scheduling,,,,,,,,,,rl,7720.0,27.272727272727273,0.0,12.0,0.0,0.0,0.0,0.0,70.69999999999989,,,,,,,,stencil-3d,64.0
synth_stencil-3d_64,synthetic,frontier,power,,,,,,,,,,,,,,,1679.2528385623662,,587738.4934968281,,,baseline,3.022655109412259,3.6271861312947107,8.689348187234044,127.13829948987488,42061.794974219316,1018.24,stencil-3d,64.0
synth_stencil-3d_64,synthetic,frontier,power,,,,,,,,,,,,,,,1678.0480867333326,,587316.8303566664,,,power_cap,3.020486556119999,3.6245838673439987,8.615830314893618,127.13642197926133,42091.3715777553,1018.24,stencil-3d,64.0
synth_stencil-3d_64,synthetic,frontier,power,,,,,,,,,,,,,,,1593.317205642083,,557661.021974729,,,frequency_scaling,2.8679709701557496,3.441565164186899,8.689348187234044,106.06691304902381,36983.258949536605,1018.24,stencil-3d,64.0
synth_stencil-3d_64,synthetic,frontier,power,,,,,,,,,,,,,,,1432.4496180787276,,501357.36632755457,,,job_packing,2.5784093125417096,3.0940911750500515,7.594524434042554,124.29117572719134,48204.594640045434,1018.24,stencil-3d,64.0
synth_nearest-neighbor_64,synthetic,lassen,routing,minimal,800.75,12.5,0.00016,1.0,3.5,,,,,,,,,,,,,,,,,,,,,nearest-neighbor,64.0
synth_nearest-neighbor_64,synthetic,lassen,routing,ecmp,801.0,12.5,0.00016,1.0,4.0,,,,,,,,,,,,,,,,,,,,,nearest-neighbor,64.0
synth_nearest-neighbor_64,synthetic,lassen,placement,,,,,,,contiguous,2560000000.0,0.0,,,,,,,,,,,,,,,,,,nearest-neighbor,64.0
synth_nearest-neighbor_64,synthetic,lassen,placement,,,,,,,random,2560000000.0,0.0,,,,,,,,,,,,,,,,,,nearest-neighbor,64.0
synth_nearest-neighbor_64,synthetic,lassen,placement,,,,,,,locality,2880000000.0,-0.125,,,,,,,,,,,,,,,,,,nearest-neighbor,64.0
synth_nearest-neighbor_64,synthetic,lassen,placement,,,,,,,spectral,2560000000.0,0.0,,,,,,,,,,,,,,,,,,nearest-neighbor,64.0
synth_nearest-neighbor_64,synthetic,lassen,scheduling,,,,,,,,,,fcfs,13400.0,0.0,0.5282830638474295,12.0,45.61020437378167,12.253487742210002,18.24408174951267,0.002886200559701493,,,,,,,,,nearest-neighbor,64.0
synth_nearest-neighbor_64,synthetic,lassen,scheduling,,,,,,,,,,backfill,13400.0,0.0,0.5282830638474295,12.0,45.61020437378167,12.253487742210002,18.24408174951267,0.002886200559701493,,,,,,,,,nearest-neighbor,64.0
synth_nearest-neighbor_64,synthetic,lassen,scheduling,,,,,,,,,,sjf,13400.0,0.0,0.5282830638474295,12.0,45.61020437378167,12.253487742210002,18.24408174951267,0.002886200559701493,,,,,,,,,nearest-neighbor,64.0
synth_nearest-neighbor_64,synthetic,lassen,scheduling,,,,,,,,,,rl,13420.0,18.181818181818183,0.0,12.0,0.0,0.0,0.0,0.0,69.7499999999998,,,,,,,,nearest-neighbor,64.0
synth_nearest-neighbor_64,synthetic,lassen,power,,,,,,,,,,,,,,,575.4985554491828,,230199.42217967316,,,baseline,1.035897399808529,1.346666619751088,3.264698210526316,16.756949106769376,16176.26331513783,157.5936,nearest-neighbor,64.0
synth_nearest-neighbor_64,synthetic,lassen,power,,,,,,,,,,,,,,,575.1022447300833,,230040.8978920333,,,power_cap,1.03518404051415,1.3457392526683947,3.2233346052631577,16.755957363360118,16186.452560684627,157.5936,nearest-neighbor,64.0
synth_nearest-neighbor_64,synthetic,lassen,power,,,,,,,,,,,,,,,547.0708285932667,,218828.3314373067,,,frequency_scaling,0.98472749146788,1.280145738908244,3.264698210526316,13.706418919572492,13918.996918773006,157.5936,nearest-neighbor,64.0
synth_nearest-neighbor_64,synthetic,lassen,power,,,,,,,,,,,,,,,486.70476879017986,,194681.90751607195,,,job_packing,0.8760685838223237,1.1388891589690209,2.827013184210527,16.379694506052644,18696.817587713685,157.5936,nearest-neighbor,64.0
synth_nearest-neighbor_64,synthetic,frontier,routing,minimal,400.675,25.0,8e-05,1.0,3.5,,,,,,,,,,,,,,,,,,,,,nearest-neighbor,64.0
synth_nearest-neighbor_64,synthetic,frontier,routing,ugal,400.9,25.0,8e-05,1.0,4.2,,,,,,,,,,,,,,,,,,,,,nearest-neighbor,64.0
synth_nearest-neighbor_64,synthetic,frontier,routing,valiant,401.125,25.0,8e-05,1.0,5.5,,,,,,,,,,,,,,,,,,,,,nearest-neighbor,64.0
synth_nearest-neighbor_64,synthetic,frontier,placement,,,,,,,contiguous,2560000000.0,0.0,,,,,,,,,,,,,,,,,,nearest-neighbor,64.0
synth_nearest-neighbor_64,synthetic,frontier,placement,,,,,,,random,2560000000.0,0.0,,,,,,,,,,,,,,,,,,nearest-neighbor,64.0
synth_nearest-neighbor_64,synthetic,frontier,placement,,,,,,,locality,3000000000.0,-0.171875,,,,,,,,,,,,,,,,,,nearest-neighbor,64.0
synth_nearest-neighbor_64,synthetic,frontier,placement,,,,,,,spectral,2560000000.0,0.0,,,,,,,,,,,,,,,,,,nearest-neighbor,64.0
synth_nearest-neighbor_64,synthetic,frontier,scheduling,,,,,,,,,,fcfs,13400.0,0.0,0.25700257160145223,12.0,60.106008541786466,16.14788289182323,21.03710298962526,0.0048860300902581685,,,,,,,,,nearest-neighbor,64.0
synth_nearest-neighbor_64,synthetic,frontier,scheduling,,,,,,,,,,backfill,13400.0,0.0,0.25700257160145223,12.0,60.106008541786466,16.14788289182323,21.03710298962526,0.0048860300902581685,,,,,,,,,nearest-neighbor,64.0
synth_nearest-neighbor_64,synthetic,frontier,scheduling,,,,,,,,,,sjf,13400.0,0.0,0.25700257160145223,12.0,60.106008541786466,16.14788289182323,21.03710298962526,0.0048860300902581685,,,,,,,,,nearest-neighbor,64.0
synth_nearest-neighbor_64,synthetic,frontier,scheduling,,,,,,,,,,rl,604860.0,0.0,0.0,0.0,0.0,0.0,0.0,0.0,-100.81000000001467,,,,,,,,nearest-neighbor,64.0
synth_nearest-neighbor_64,synthetic,frontier,power,,,,,,,,,,,,,,,1627.7117067219024,,569699.0973526658,,,baseline,2.9298810720994246,3.515857286519309,8.689348187234044,120.02265441086747,40965.026039389544,1018.24,nearest-neighbor,64.0
synth_nearest-neighbor_64,synthetic,frontier,power,,,,,,,,,,,,,,,1626.948544831438,,569431.9906910033,,,power_cap,2.9285073806965887,3.5142088568359062,8.615830314893618,120.0214650833108,40983.835613472795,1018.24,nearest-neighbor,64.0
synth_nearest-neighbor_64,synthetic,frontier,power,,,,,,,,,,,,,,,1538.601601684685,,538510.5605896397,,,frequency_scaling,2.769482883032433,3.323379459638919,8.689348187234044,98.17288854289711,35448.093629451556,1018.24,nearest-neighbor,64.0
synth_nearest-neighbor_64,synthetic,frontier,power,,,,,,,,,,,,,,,1386.127940609797,,485144.7792134289,,,job_packing,2.4950302930976345,2.994036351717161,7.594524434042554,117.32621766125983,47023.96519426494,1018.24,nearest-neighbor,64.0
synth_ring_64,synthetic,lassen,routing,minimal,640.75,12.5,6.4e-05,1.0,3.5,,,,,,,,,,,,,,,,,,,,,ring,64.0
synth_ring_64,synthetic,lassen,routing,ecmp,641.0,12.5,6.4e-05,1.0,4.0,,,,,,,,,,,,,,,,,,,,,ring,64.0
synth_ring_64,synthetic,lassen,placement,,,,,,,contiguous,1024000000.0,0.0,,,,,,,,,,,,,,,,,,ring,64.0
synth_ring_64,synthetic,lassen,placement,,,,,,,random,1024000000.0,0.0,,,,,,,,,,,,,,,,,,ring,64.0
synth_ring_64,synthetic,lassen,placement,,,,,,,locality,1152000000.0,-0.125,,,,,,,,,,,,,,,,,,ring,64.0
synth_ring_64,synthetic,lassen,placement,,,,,,,spectral,1024000000.0,0.0,,,,,,,,,,,,,,,,,,ring,64.0
synth_ring_64,synthetic,lassen,scheduling,,,,,,,,,,fcfs,17300.0,7.6923076923076925,0.3687981695568401,13.0,39.2068481968811,8.158650491836529,15.68273927875244,0.0013432514450867053,,,,,,,,,ring,64.0
synth_ring_64,synthetic,lassen,scheduling,,,,,,,,,,backfill,17300.0,0.0,0.3687981695568401,13.0,39.2068481968811,8.158650491836529,15.68273927875244,0.0013432514450867053,,,,,,,,,ring,64.0
synth_ring_64,synthetic,lassen,scheduling,,,,,,,,,,sjf,17300.0,7.6923076923076925,0.3687981695568401,13.0,39.2068481968811,8.158650491836529,15.68273927875244,0.0013432514450867053,,,,,,,,,ring,64.0
synth_ring_64,synthetic,lassen,scheduling,,,,,,,,,,rl,130120.0,29765.0,0.0,4.0,0.0,0.0,0.0,0.0,-76.8100000000023,,,,,,,,ring,64.0
synth_ring_64,synthetic,lassen,power,,,,,,,,,,,,,,,567.7671003352488,,227106.8401340995,,,baseline,1.0219807806034478,1.3285750147844824,3.264698210526316,16.320722273599532,15969.695891895984,157.5936,ring,64.0
synth_ring_64,synthetic,lassen,power,,,,,,,,,,,,,,,567.4689414669749,,226987.57658678998,,,power_cap,1.0214440946405547,1.3278773230327212,3.2233346052631577,16.319976149212092,15977.356210527681,157.5936,ring,64.0
synth_ring_64,synthetic,lassen,power,,,,,,,,,,,,,,,538.796925594783,,215518.77023791324,,,frequency_scaling,0.9698344660706094,1.2607848058917923,3.264698210526316,13.211982942379732,13622.925771971713,157.5936,ring,64.0
synth_ring_64,synthetic,lassen,power,,,,,,,,,,,,,,,479.85717853997977,,191942.87141599192,,,job_packing,0.8637429213719636,1.1228657977835528,2.827013184210527,15.953765254974792,18470.50188224285,157.5936,ring,64.0
synth_ring_64,synthetic,frontier,routing,minimal,320.675,25.0,3.2e-05,1.0,3.5,,,,,,,,,,,,,,,,,,,,,ring,64.0
synth_ring_64,synthetic,frontier,routing,ugal,320.9,25.0,3.2e-05,1.0,4.2,,,,,,,,,,,,,,,,,,,,,ring,64.0
synth_ring_64,synthetic,frontier,routing,valiant,321.125,25.0,3.2e-05,1.0,5.5,,,,,,,,,,,,,,,,,,,,,ring,64.0
synth_ring_64,synthetic,frontier,placement,,,,,,,contiguous,1024000000.0,0.0,,,,,,,,,,,,,,,,,,ring,64.0
synth_ring_64,synthetic,frontier,placement,,,,,,,random,1024000000.0,0.0,,,,,,,,,,,,,,,,,,ring,64.0
synth_ring_64,synthetic,frontier,placement,,,,,,,locality,1200000000.0,-0.171875,,,,,,,,,,,,,,,,,,ring,64.0
synth_ring_64,synthetic,frontier,placement,,,,,,,spectral,1024000000.0,0.0,,,,,,,,,,,,,,,,,,ring,64.0
synth_ring_64,synthetic,frontier,scheduling,,,,,,,,,,fcfs,17300.0,7.6923076923076925,0.17941532573035462,13.0,51.6970101750687,10.75775934278886,18.09395356127404,0.0022739816044368066,,,,,,,,,ring,64.0
synth_ring_64,synthetic,frontier,scheduling,,,,,,,,,,backfill,17300.0,0.0,0.17941532573035462,13.0,51.6970101750687,10.75775934278886,18.09395356127404,0.0022739816044368066,,,,,,,,,ring,64.0
synth_ring_64,synthetic,frontier,scheduling,,,,,,,,,,sjf,17300.0,7.6923076923076925,0.17941532573035462,13.0,51.6970101750687,10.75775934278886,18.09395356127404,0.0022739816044368066,,,,,,,,,ring,64.0
synth_ring_64,synthetic,frontier,scheduling,,,,,,,,,,rl,12820.0,13.333333333333334,0.0,3.0,0.0,0.0,0.0,0.0,-82.81000000000513,,,,,,,,ring,64.0
synth_ring_64,synthetic,frontier,power,,,,,,,,,,,,,,,1604.7300161627322,,561655.5056569562,,,baseline,2.888514029092918,3.4662168349115015,8.689348187234044,116.8802789161297,40463.80863617743,1018.24,ring,64.0
synth_ring_64,synthetic,frontier,power,,,,,,,,,,,,,,,1604.1559279347885,,561454.5747771759,,,power_cap,2.8874806702826192,3.464976804339143,8.615830314893618,116.87938424494922,40477.979800124296,1018.24,ring,64.0
synth_ring_64,synthetic,frontier,power,,,,,,,,,,,,,,,1513.9391874893392,,529878.7156212687,,,frequency_scaling,2.7250905374808108,3.2701086449769727,8.689348187234044,94.6184002139992,34721.195098885946,1018.24,ring,64.0
synth_ring_64,synthetic,frontier,power,,,,,,,,,,,,,,,1365.4769950470911,,477916.94826648186,,,job_packing,2.4578585910847637,2.9494303093017167,7.594524434042554,114.24778656987387,46482.652413071155,1018.24,ring,64.0
synth_all-to-all_256,synthetic,lassen,routing,minimal,80.75,12.5,0.00204,1.0,3.5,,,,,,,,,,,,,,,,,,,,,all-to-all,256.0
synth_all-to-all_256,synthetic,lassen,routing,ecmp,81.0,12.5,0.00204,1.0,4.0,,,,,,,,,,,,,,,,,,,,,all-to-all,256.0
synth_all-to-all_256,synthetic,lassen,placement,,,,,,,contiguous,130560000000.0,0.0,,,,,,,,,,,,,,,,,,all-to-all,256.0
synth_all-to-all_256,synthetic,lassen,placement,,,,,,,random,130560000000.0,0.0,,,,,,,,,,,,,,,,,,all-to-all,256.0
synth_all-to-all_256,synthetic,lassen,placement,,,,,,,locality,130560000000.0,0.0,,,,,,,,,,,,,,,,,,all-to-all,256.0
synth_all-to-all_256,synthetic,lassen,placement,,,,,,,spectral,130560000000.0,0.0,,,,,,,,,,,,,,,,,,all-to-all,256.0
synth_all-to-all_256,synthetic,lassen,scheduling,,,,,,,,,,fcfs,19000.0,0.0,1.3217288011695907,13.0,162.69621862816763,30.826651950600187,65.07848745126705,0.018052700657894744,,,,,,,,,all-to-all,256.0
synth_all-to-all_256,synthetic,lassen,scheduling,,,,,,,,,,backfill,19000.0,0.0,1.3217288011695907,13.0,162.69621862816763,30.826651950600187,65.07848745126705,0.018052700657894744,,,,,,,,,all-to-all,256.0
synth_all-to-all_256,synthetic,lassen,scheduling,,,,,,,,,,sjf,19000.0,0.0,1.3217288011695907,13.0,162.69621862816763,30.826651950600187,65.07848745126705,0.018052700657894744,,,,,,,,,all-to-all,256.0
synth_all-to-all_256,synthetic,lassen,scheduling,,,,,,,,,,rl,7700.0,47.27272727272727,0.0,11.0,0.0,0.0,0.0,0.0,-34.80999999999775,,,,,,,,all-to-all,256.0
synth_all-to-all_256,synthetic,lassen,power,,,,,,,,,,,,,,,553.4917692403625,,221396.707696145,,,baseline,0.9962851846326525,1.2951707400224481,3.264698210526316,15.48644307355799,15544.186857770157,157.5936,all-to-all,256.0
synth_all-to-all_256,synthetic,lassen,power,,,,,,,,,,,,,,,553.3291383704094,,221331.65534816377,,,power_cap,0.995992449066737,1.294790183786758,3.2233346052631577,15.486036099722451,15548.34689181946,157.5936,all-to-all,256.0
synth_all-to-all_256,synthetic,lassen,power,,,,,,,,,,,,,,,523.4119864583477,,209364.79458333907,,,frequency_scaling,0.9421415756250258,1.2247840483125336,3.264698210526316,12.258633623089564,13011.45596399041,157.5936,all-to-all,256.0
synth_all-to-all_256,synthetic,lassen,power,,,,,,,,,,,,,,,466.98242950180804,,186792.97180072323,,,job_packing,0.8405683731032545,1.0927388850342308,2.827013184210527,15.133940836564292,18004.413823817824,157.5936,all-to-all,256.0
synth_all-to-all_256,synthetic,frontier,routing,minimal,40.675,25.0,0.00102,1.0,3.5,,,,,,,,,,,,,,,,,,,,,all-to-all,256.0
synth_all-to-all_256,synthetic,frontier,routing,ugal,40.9,25.0,0.00102,1.0,4.2,,,,,,,,,,,,,,,,,,,,,all-to-all,256.0
synth_all-to-all_256,synthetic,frontier,routing,valiant,41.125,25.0,0.00102,1.0,5.5,,,,,,,,,,,,,,,,,,,,,all-to-all,256.0
synth_all-to-all_256,synthetic,frontier,placement,,,,,,,contiguous,179712000000.0,0.0,,,,,,,,,,,,,,,,,,all-to-all,256.0
synth_all-to-all_256,synthetic,frontier,placement,,,,,,,random,179712000000.0,0.0,,,,,,,,,,,,,,,,,,all-to-all,256.0
synth_all-to-all_256,synthetic,frontier,placement,,,,,,,locality,179712000000.0,0.0,,,,,,,,,,,,,,,,,,all-to-all,256.0
synth_all-to-all_256,synthetic,frontier,placement,,,,,,,spectral,179712000000.0,0.0,,,,,,,,,,,,,,,,,,all-to-all,256.0
synth_all-to-all_256,synthetic,frontier,scheduling,,,,,,,,,,fcfs,19000.0,0.0,0.6430032005689901,13.0,213.80042619081848,40.50955443615508,74.83014916678647,0.030561299119843528,,,,,,,,,all-to-all,256.0
synth_all-to-all_256,synthetic,frontier,scheduling,,,,,,,,,,backfill,19000.0,0.0,0.6430032005689901,13.0,213.80042619081848,40.50955443615508,74.83014916678647,0.030561299119843528,,,,,,,,,all-to-all,256.0
synth_all-to-all_256,synthetic,frontier,scheduling,,,,,,,,,,sjf,19000.0,0.0,0.6430032005689901,13.0,213.80042619081848,40.50955443615508,74.83014916678647,0.030561299119843528,,,,,,,,,all-to-all,256.0
synth_all-to-all_256,synthetic,frontier,scheduling,,,,,,,,,,rl,19000.0,18.333333333333332,0.0,13.0,0.0,0.0,0.0,0.0,74.81999999999893,,,,,,,,all-to-all,256.0
synth_all-to-all_256,synthetic,frontier,power,,,,,,,,,,,,,,,1563.54496433803,,547240.7375183104,,,baseline,2.814380935808454,3.377257122970145,8.689348187234044,110.9560761995412,39424.68298722616,1018.24,all-to-all,256.0
synth_all-to-all_256,synthetic,frontier,power,,,,,,,,,,,,,,,1563.2318288414124,,547131.1400944943,,,power_cap,2.813817291914542,3.3765807502974505,8.615830314893618,110.95558820259095,39432.40683089837,1018.24,all-to-all,256.0
synth_all-to-all_256,synthetic,frontier,power,,,,,,,,,,,,,,,1469.218935265268,,514226.6273428438,,,frequency_scaling,2.644594083477483,3.173512900172979,8.689348187234044,87.82736762452137,33210.15053812479,1018.24,all-to-all,256.0
synth_all-to-all_256,synthetic,frontier,power,,,,,,,,,,,,,,,1328.6352046003994,,465022.3216101398,,,job_packing,2.3915433682807192,2.8698520419368627,7.594524434042554,108.47526937151389,45357.8516744594,1018.24,all-to-all,256.0
synth_stencil-3d_256,synthetic,lassen,routing,minimal,400.75,12.5,0.00024,1.0,3.5,,,,,,,,,,,,,,,,,,,,,stencil-3d,256.0
synth_stencil-3d_256,synthetic,lassen,routing,ecmp,401.0,12.5,0.00024,1.0,4.0,,,,,,,,,,,,,,,,,,,,,stencil-3d,256.0
synth_stencil-3d_256,synthetic,lassen,placement,,,,,,,contiguous,15360000000.0,0.0,,,,,,,,,,,,,,,,,,stencil-3d,256.0
synth_stencil-3d_256,synthetic,lassen,placement,,,,,,,random,15360000000.0,0.0,,,,,,,,,,,,,,,,,,stencil-3d,256.0
synth_stencil-3d_256,synthetic,lassen,placement,,,,,,,locality,20140000000.0,-0.31119791666666674,,,,,,,,,,,,,,,,,,stencil-3d,256.0
synth_stencil-3d_256,synthetic,lassen,placement,,,,,,,spectral,15360000000.0,0.0,,,,,,,,,,,,,,,,,,stencil-3d,256.0
synth_stencil-3d_256,synthetic,lassen,scheduling,,,,,,,,,,fcfs,7700.0,8.333333333333334,4.575892857142857,12.0,236.6953193530702,110.66274671052632,94.67812774122808,0.2187478125,,,,,,,,,stencil-3d,256.0
synth_stencil-3d_256,synthetic,lassen,scheduling,,,,,,,,,,backfill,7700.0,0.0,4.575892857142857,12.0,236.6953193530702,110.66274671052632,94.67812774122808,0.2187478125,,,,,,,,,stencil-3d,256.0
synth_stencil-3d_256,synthetic,lassen,scheduling,,,,,,,,,,sjf,7700.0,8.333333333333334,4.575892857142857,12.0,236.6953193530702,110.66274671052632,94.67812774122808,0.2187478125,,,,,,,,,stencil-3d,256.0
synth_stencil-3d_256,synthetic,lassen,scheduling,,,,,,,,,,rl,6720.0,26.0,0.0,10.0,0.0,0.0,0.0,0.0,-40.80999999999724,,,,,,,,stencil-3d,256.0
synth_stencil-3d_256,synthetic,lassen,power,,,,,,,,,,,,,,,592.9607207213631,,237184.28828854527,,,baseline,1.0673292972984538,1.38752808648799,3.264698210526316,17.74816015305582,16628.570206007345,157.5936,stencil-3d,256.0
synth_stencil-3d_256,synthetic,lassen,power,,,,,,,,,,,,,,,592.3350615398741,,236934.02461594966,,,power_cap,1.0662031107717733,1.3860640440033054,3.2233346052631577,17.746594479104093,16644.66582381117,157.5936,stencil-3d,256.0
synth_stencil-3d_256,synthetic,lassen,power,,,,,,,,,,,,,,,565.5514810139414,,226220.59240557655,,,frequency_scaling,1.0179926658250944,1.3233904655726227,3.264698210526316,14.806922059718637,14545.21486922252,157.5936,stencil-3d,256.0
synth_stencil-3d_256,synthetic,lassen,power,,,,,,,,,,,,,,,502.0978064505478,,200839.12258021915,,,job_packing,0.903776051610986,1.1749088670942818,2.827013184210527,17.3448697209011,19191.557123010476,157.5936,stencil-3d,256.0
synth_stencil-3d_256,synthetic,frontier,routing,minimal,200.675,25.0,0.00012,1.0,3.5,,,,,,,,,,,,,,,,,,,,,stencil-3d,256.0
synth_stencil-3d_256,synthetic,frontier,routing,ugal,200.9,25.0,0.00012,1.0,4.2,,,,,,,,,,,,,,,,,,,,,stencil-3d,256.0
synth_stencil-3d_256,synthetic,frontier,routing,valiant,201.125,25.0,0.00012,1.0,5.5,,,,,,,,,,,,,,,,,,,,,stencil-3d,256.0
synth_stencil-3d_256,synthetic,frontier,placement,,,,,,,contiguous,17240000000.0,0.0,,,,,,,,,,,,,,,,,,stencil-3d,256.0
synth_stencil-3d_256,synthetic,frontier,placement,,,,,,,random,21230000000.0,-0.2314385150812064,,,,,,,,,,,,,,,,,,stencil-3d,256.0
synth_stencil-3d_256,synthetic,frontier,placement,,,,,,,locality,21260000000.0,-0.2331786542923433,,,,,,,,,,,,,,,,,,stencil-3d,256.0
synth_stencil-3d_256,synthetic,frontier,placement,,,,,,,spectral,17080000000.0,0.009280742459396807,,,,,,,,,,,,,,,,,,stencil-3d,256.0
synth_stencil-3d_256,synthetic,frontier,scheduling,,,,,,,,,,fcfs,7700.0,8.333333333333334,2.2261100386100385,12.0,307.55273130510835,143.79088736342726,107.64345595678792,0.3703167440878378,,,,,,,,,stencil-3d,256.0
synth_stencil-3d_256,synthetic,frontier,scheduling,,,,,,,,,,backfill,7700.0,0.0,2.2261100386100385,12.0,307.55273130510835,143.79088736342726,107.64345595678792,0.3703167440878378,,,,,,,,,stencil-3d,256.0
synth_stencil-3d_256,synthetic,frontier,scheduling,,,,,,,,,,sjf,7700.0,8.333333333333334,2.2261100386100385,12.0,307.55273130510835,143.79088736342726,107.64345595678792,0.3703167440878378,,,,,,,,,stencil-3d,256.0
synth_stencil-3d_256,synthetic,frontier,scheduling,,,,,,,,,,rl,6640.0,1595.5555555555557,0.0,9.0,0.0,0.0,0.0,0.0,-46.80999999999726,,,,,,,,stencil-3d,256.0
synth_stencil-3d_256,synthetic,frontier,power,,,,,,,,,,,,,,,1679.2528385623662,,587738.4934968281,,,baseline,3.022655109412259,3.6271861312947107,8.689348187234044,127.13829948987488,42061.794974219316,1018.24,stencil-3d,256.0
synth_stencil-3d_256,synthetic,frontier,power,,,,,,,,,,,,,,,1678.0480867333326,,587316.8303566664,,,power_cap,3.020486556119999,3.6245838673439987,8.615830314893618,127.13642197926133,42091.3715777553,1018.24,stencil-3d,256.0
synth_stencil-3d_256,synthetic,frontier,power,,,,,,,,,,,,,,,1593.317205642083,,557661.021974729,,,frequency_scaling,2.8679709701557496,3.441565164186899,8.689348187234044,106.06691304902381,36983.258949536605,1018.24,stencil-3d,256.0
synth_stencil-3d_256,synthetic,frontier,power,,,,,,,,,,,,,,,1432.4496180787276,,501357.36632755457,,,job_packing,2.5784093125417096,3.0940911750500515,7.594524434042554,124.29117572719134,48204.594640045434,1018.24,stencil-3d,256.0
synth_nearest-neighbor_256,synthetic,lassen,routing,minimal,800.75,12.5,0.00016,1.0,3.5,,,,,,,,,,,,,,,,,,,,,nearest-neighbor,256.0
synth_nearest-neighbor_256,synthetic,lassen,routing,ecmp,801.0,12.5,0.00016,1.0,4.0,,,,,,,,,,,,,,,,,,,,,nearest-neighbor,256.0
synth_nearest-neighbor_256,synthetic,lassen,placement,,,,,,,contiguous,10240000000.0,0.0,,,,,,,,,,,,,,,,,,nearest-neighbor,256.0
synth_nearest-neighbor_256,synthetic,lassen,placement,,,,,,,random,10240000000.0,0.0,,,,,,,,,,,,,,,,,,nearest-neighbor,256.0
synth_nearest-neighbor_256,synthetic,lassen,placement,,,,,,,locality,15280000000.0,-0.4921875,,,,,,,,,,,,,,,,,,nearest-neighbor,256.0
synth_nearest-neighbor_256,synthetic,lassen,placement,,,,,,,spectral,10240000000.0,0.0,,,,,,,,,,,,,,,,,,nearest-neighbor,256.0
synth_nearest-neighbor_256,synthetic,lassen,scheduling,,,,,,,,,,fcfs,13400.0,0.0,2.1317565816749586,12.0,188.61209870197771,50.67190711396417,75.44483948079109,0.04755676068874378,,,,,,,,,nearest-neighbor,256.0
synth_nearest-neighbor_256,synthetic,lassen,scheduling,,,,,,,,,,backfill,13400.0,0.0,2.1317565816749586,12.0,188.61209870197771,50.67190711396417,75.44483948079109,0.04755676068874378,,,,,,,,,nearest-neighbor,256.0
synth_nearest-neighbor_256,synthetic,lassen,scheduling,,,,,,,,,,sjf,13400.0,0.0,2.1317565816749586,12.0,188.61209870197771,50.67190711396417,75.44483948079109,0.04755676068874378,,,,,,,,,nearest-neighbor,256.0
synth_nearest-neighbor_256,synthetic,lassen,scheduling,,,,,,,,,,rl,11920.0,15.555555555555555,0.0,9.0,0.0,0.0,0.0,0.0,-46.80999999999729,,,,,,,,nearest-neighbor,256.0
synth_nearest-neighbor_256,synthetic,lassen,power,,,,,,,,,,,,,,,575.4985554491828,,230199.42217967316,,,baseline,1.035897399808529,1.346666619751088,3.264698210526316,16.756949106769376,16176.26331513783,157.5936,nearest-neighbor,256.0
synth_nearest-neighbor_256,synthetic,lassen,power,,,,,,,,,,,,,,,575.1022447300833,,230040.8978920333,,,power_cap,1.03518404051415,1.3457392526683947,3.2233346052631577,16.755957363360118,16186.452560684627,157.5936,nearest-neighbor,256.0
synth_nearest-neighbor_256,synthetic,lassen,power,,,,,,,,,,,,,,,547.0708285932667,,218828.3314373067,,,frequency_scaling,0.98472749146788,1.280145738908244,3.264698210526316,13.706418919572492,13918.996918773006,157.5936,nearest-neighbor,256.0
synth_nearest-neighbor_256,synthetic,lassen,power,,,,,,,,,,,,,,,486.70476879017986,,194681.90751607195,,,job_packing,0.8760685838223237,1.1388891589690209,2.827013184210527,16.379694506052644,18696.817587713685,157.5936,nearest-neighbor,256.0
synth_nearest-neighbor_256,synthetic,frontier,routing,minimal,400.675,25.0,8e-05,1.0,3.5,,,,,,,,,,,,,,,,,,,,,nearest-neighbor,256.0
synth_nearest-neighbor_256,synthetic,frontier,routing,ugal,400.9,25.0,8e-05,1.0,4.2,,,,,,,,,,,,,,,,,,,,,nearest-neighbor,256.0
synth_nearest-neighbor_256,synthetic,frontier,routing,valiant,401.125,25.0,8e-05,1.0,5.5,,,,,,,,,,,,,,,,,,,,,nearest-neighbor,256.0
synth_nearest-neighbor_256,synthetic,frontier,placement,,,,,,,contiguous,10320000000.0,0.0,,,,,,,,,,,,,,,,,,nearest-neighbor,256.0
synth_nearest-neighbor_256,synthetic,frontier,placement,,,,,,,random,13760000000.0,-0.33333333333333326,,,,,,,,,,,,,,,,,,nearest-neighbor,256.0
synth_nearest-neighbor_256,synthetic,frontier,placement,,,,,,,locality,16680000000.0,-0.6162790697674418,,,,,,,,,,,,,,,,,,nearest-neighbor,256.0
synth_nearest-neighbor_256,synthetic,frontier,placement,,,,,,,spectral,10320000000.0,0.0,,,,,,,,,,,,,,,,,,nearest-neighbor,256.0
synth_nearest-neighbor_256,synthetic,frontier,scheduling,,,,,,,,,,fcfs,13400.0,0.0,1.0370707694634933,12.0,247.15107519337823,66.39879632060908,86.50287631768238,0.08050852978298961,,,,,,,,,nearest-neighbor,256.0
synth_nearest-neighbor_256,synthetic,frontier,scheduling,,,,,,,,,,backfill,13400.0,0.0,1.0370707694634933,12.0,247.15107519337823,66.39879632060908,86.50287631768238,0.08050852978298961,,,,,,,,,nearest-neighbor,256.0
synth_nearest-neighbor_256,synthetic,frontier,scheduling,,,,,,,,,,sjf,13400.0,0.0,1.0370707694634933,12.0,247.15107519337823,66.39879632060908,86.50287631768238,0.08050852978298961,,,,,,,,,nearest-neighbor,256.0
synth_nearest-neighbor_256,synthetic,frontier,scheduling,,,,,,,,,,rl,13420.0,18.181818181818183,0.0,12.0,0.0,0.0,0.0,0.0,69.7499999999998,,,,,,,,nearest-neighbor,256.0
synth_nearest-neighbor_256,synthetic,frontier,power,,,,,,,,,,,,,,,1627.7117067219024,,569699.0973526658,,,baseline,2.9298810720994246,3.515857286519309,8.689348187234044,120.02265441086747,40965.026039389544,1018.24,nearest-neighbor,256.0
synth_nearest-neighbor_256,synthetic,frontier,power,,,,,,,,,,,,,,,1626.948544831438,,569431.9906910033,,,power_cap,2.9285073806965887,3.5142088568359062,8.615830314893618,120.0214650833108,40983.835613472795,1018.24,nearest-neighbor,256.0
synth_nearest-neighbor_256,synthetic,frontier,power,,,,,,,,,,,,,,,1538.601601684685,,538510.5605896397,,,frequency_scaling,2.769482883032433,3.323379459638919,8.689348187234044,98.17288854289711,35448.093629451556,1018.24,nearest-neighbor,256.0
synth_nearest-neighbor_256,synthetic,frontier,power,,,,,,,,,,,,,,,1386.127940609797,,485144.7792134289,,,job_packing,2.4950302930976345,2.994036351717161,7.594524434042554,117.32621766125983,47023.96519426494,1018.24,nearest-neighbor,256.0
synth_ring_256,synthetic,lassen,routing,minimal,640.75,12.5,6.4e-05,1.0,3.5,,,,,,,,,,,,,,,,,,,,,ring,256.0
synth_ring_256,synthetic,lassen,routing,ecmp,641.0,12.5,6.4e-05,1.0,4.0,,,,,,,,,,,,,,,,,,,,,ring,256.0
synth_ring_256,synthetic,lassen,placement,,,,,,,contiguous,4096000000.0,0.0,,,,,,,,,,,,,,,,,,ring,256.0
synth_ring_256,synthetic,lassen,placement,,,,,,,random,4096000000.0,0.0,,,,,,,,,,,,,,,,,,ring,256.0
synth_ring_256,synthetic,lassen,placement,,,,,,,locality,6112000000.0,-0.4921875,,,,,,,,,,,,,,,,,,ring,256.0
synth_ring_256,synthetic,lassen,placement,,,,,,,spectral,4096000000.0,0.0,,,,,,,,,,,,,,,,,,ring,256.0
synth_ring_256,synthetic,lassen,scheduling,,,,,,,,,,fcfs,17300.0,7.6923076923076925,1.4838481454720616,13.0,168.10577660514133,34.981548888931144,67.24231064205654,0.02296925704479769,,,,,,,,,ring,256.0
synth_ring_256,synthetic,lassen,scheduling,,,,,,,,,,backfill,17300.0,0.0,1.4838481454720616,13.0,168.10577660514133,34.981548888931144,67.24231064205654,0.02296925704479769,,,,,,,,,ring,256.0
synth_ring_256,synthetic,lassen,scheduling,,,,,,,,,,sjf,17300.0,7.6923076923076925,1.4838481454720616,13.0,168.10577660514133,34.981548888931144,67.24231064205654,0.02296925704479769,,,,,,,,,ring,256.0
synth_ring_256,synthetic,lassen,scheduling,,,,,,,,,,rl,15680.0,637.5,0.0,8.0,0.0,0.0,0.0,0.0,-52.809999999997295,,,,,,,,ring,256.0
synth_ring_256,synthetic,lassen,power,,,,,,,,,,,,,,,567.7671003352488,,227106.8401340995,,,baseline,1.0219807806034478,1.3285750147844824,3.264698210526316,16.320722273599532,15969.695891895984,157.5936,ring,256.0
synth_ring_256,synthetic,lassen,power,,,,,,,,,,,,,,,567.4689414669749,,226987.57658678998,,,power_cap,1.0214440946405547,1.3278773230327212,3.2233346052631577,16.319976149212092,15977.356210527681,157.5936,ring,256.0
synth_ring_256,synthetic,lassen,power,,,,,,,,,,,,,,,538.796925594783,,215518.77023791324,,,frequency_scaling,0.9698344660706094,1.2607848058917923,3.264698210526316,13.211982942379732,13622.925771971713,157.5936,ring,256.0
synth_ring_256,synthetic,lassen,power,,,,,,,,,,,,,,,479.85717853997977,,191942.87141599192,,,job_packing,0.8637429213719636,1.1228657977835528,2.827013184210527,15.953765254974792,18470.50188224285,157.5936,ring,256.0
synth_ring_256,synthetic,frontier,routing,minimal,320.675,25.0,3.2e-05,1.0,3.5,,,,,,,,,,,,,,,,,,,,,ring,256.0
synth_ring_256,synthetic,frontier,routing,ugal,320.9,25.0,3.2e-05,1.0,4.2,,,,,,,,,,,,,,,,,,,,,ring,256.0
synth_ring_256,synthetic,frontier,routing,valiant,321.125,25.0,3.2e-05,1.0,5.5,,,,,,,,,,,,,,,,,,,,,ring,256.0
synth_ring_256,synthetic,frontier,placement,,,,,,,contiguous,4128000000.0,0.0,,,,,,,,,,,,,,,,,,ring,256.0
synth_ring_256,synthetic,frontier,placement,,,,,,,random,5696000000.0,-0.3798449612403101,,,,,,,,,,,,,,,,,,ring,256.0
synth_ring_256,synthetic,frontier,placement,,,,,,,locality,6672000000.0,-0.6162790697674418,,,,,,,,,,,,,,,,,,ring,256.0
synth_ring_256,synthetic,frontier,placement,,,,,,,spectral,4128000000.0,0.0,,,,,,,,,,,,,,,,,,ring,256.0
synth_ring_256,synthetic,frontier,scheduling,,,,,,,,,,fcfs,17300.0,7.6923076923076925,0.7218720707701922,13.0,220.7826588906061,45.94321225469259,77.27393061171213,0.038884505338521336,,,,,,,,,ring,256.0
synth_ring_256,synthetic,frontier,scheduling,,,,,,,,,,backfill,17300.0,0.0,0.7218720707701922,13.0,220.7826588906061,45.94321225469259,77.27393061171213,0.038884505338521336,,,,,,,,,ring,256.0
synth_ring_256,synthetic,frontier,scheduling,,,,,,,,,,sjf,17300.0,7.6923076923076925,0.7218720707701922,13.0,220.7826588906061,45.94321225469259,77.27393061171213,0.038884505338521336,,,,,,,,,ring,256.0
synth_ring_256,synthetic,frontier,scheduling,,,,,,,,,,rl,16820.0,26.666666666666668,0.0,12.0,0.0,0.0,0.0,0.0,-28.809999999999867,,,,,,,,ring,256.0
synth_ring_256,synthetic,frontier,power,,,,,,,,,,,,,,,1604.7300161627322,,561655.5056569562,,,baseline,2.888514029092918,3.4662168349115015,8.689348187234044,116.8802789161297,40463.80863617743,1018.24,ring,256.0
synth_ring_256,synthetic,frontier,power,,,,,,,,,,,,,,,1604.1559279347885,,561454.5747771759,,,power_cap,2.8874806702826192,3.464976804339143,8.615830314893618,116.87938424494922,40477.979800124296,1018.24,ring,256.0
synth_ring_256,synthetic,frontier,power,,,,,,,,,,,,,,,1513.9391874893392,,529878.7156212687,,,frequency_scaling,2.7250905374808108,3.2701086449769727,8.689348187234044,94.6184002139992,34721.195098885946,1018.24,ring,256.0
synth_ring_256,synthetic,frontier,power,,,,,,,,,,,,,,,1365.4769950470911,,477916.94826648186,,,job_packing,2.4578585910847637,2.9494303093017167,7.594524434042554,114.24778656987387,46482.652413071155,1018.24,ring,256.0
